{
  "format_version": "1.8.0",
  "animations":{
    "use_tfc_javelin": {
      "loop": "hold_on_last_frame",
      "animation_length": 1.5013,
      "bones": {
        "right_arm": {
          "rotation": {
            "0.0": [0, 0, 0],
            "0.125": [0, 0, -32.5],
            "0.25": [0, 0, 65],
            "0.375": [0, -22.5, 65],
            "0.5417": [0, -42.5, 65],
            "0.75": [-60, 0, 0],
            "0.7917": [-66.66908, 1.44416, 0],
            "0.8333": [-68.92409, 1.93247, 0],
            "0.875": [-68.77255, 1.89965, 0],
            "0.9167": [-68.22199, 1.78043, 0],
            "1.2083": [-63.46, -1.75, 0],
            "1.25": [-61.62055, -0.81964, 0],
            "1.2917": [-60.47072, -0.23808, 0],
            "1.3333": [-59.86552, 0.06802, 0],
            "1.375": [-59.65998, 0.17198, 0],
            "1.4167": [-59.7091, 0.14713, 0],
            "1.4583": [-59.86793, 0.0668, 0],
            "1.5": [-60, 0, 0]
          },
          "position": {
            "0.0": [0, 0, 0],
            "0.375": [0, 2, 0],
            "0.5417": [0, 5, 0],
            "0.75": [0, 2, -2],
            "0.7917": [-0.48679, 2, -2],
            "0.8333": [-0.65139, 2, -2],
            "0.875": [-0.64033, 2, -2],
            "0.9167": [-0.60015, 2, -2],
            "1.2083": [-0.31, 1.6, -2],
            "1.25": [-0.14519, 1.81265, -2],
            "1.2917": [-0.04217, 1.94558, -2],
            "1.3333": [0.01205, 2.01555, -2],
            "1.375": [0.03046, 2.03931, -2],
            "1.4167": [0.02606, 2.03363, -2],
            "1.4583": [0.01183, 2.01527, -2],
            "1.5": [0, 2, -2]
          }
        },
        "left_arm": {
          "rotation": {
            "0.0": [0, 0, 0],
            "0.125": [0, 0, 32.5],
            "0.25": [0, 0, -65],
            "0.375": [0, 22.5, -65],
            "0.5417": [0, 42.5, -65],
            "0.75": [-60, 0, 0],
            "0.7917": [-66.66908, -1.44416, 0],
            "0.8333": [-68.92409, -1.93247, 0],
            "0.875": [-68.77255, -1.89965, 0],
            "0.9167": [-68.22199, -1.78043, 0],
            "1.2083": [-63.46, 1.75, 0],
            "1.25": [-61.62055, 0.81964, 0],
            "1.2917": [-60.47072, 0.23808, 0],
            "1.3333": [-59.86552, -0.06802, 0],
            "1.375": [-59.65998, -0.17198, 0],
            "1.4167": [-59.7091, -0.14713, 0],
            "1.4583": [-59.86793, -0.0668, 0],
            "1.5": [-60, 0, 0]
          },
          "position": {
            "0.0": [0, 0, 0],
            "0.375": [0, 2, 0],
            "0.5417": [0, 5, 0],
            "0.75": [0, 2, -2],
            "0.7917": [0.48679, 2, -2],
            "0.8333": [0.65139, 2, -2],
            "0.875": [0.64033, 2, -2],
            "0.9167": [0.60015, 2, -2],
            "1.2083": [0.31, 1.6, -2],
            "1.25": [0.14519, 1.81265, -2],
            "1.2917": [0.04217, 1.94558, -2],
            "1.3333": [-0.01205, 2.01555, -2],
            "1.375": [-0.03046, 2.03931, -2],
            "1.4167": [-0.02606, 2.03363, -2],
            "1.4583": [-0.01183, 2.01527, -2],
            "1.5": [0, 2, -2]
          }
        },
        "itemgrip_left": {
          "rotation": {
            "0.0": [0, 0, 0],
            "0.125": [0, 17.5, 0],
            "0.75": [10, 360, 0],
            "1.0833": [10, 375, 0]
          },
          "position": [0, 0, 0]
        },
        "itemgrip_right": {
          "rotation": {
            "0.0": [0, 0, 0],
            "0.125": [0, -17.5, 0],
            "0.75": [10, -360, 0],
            "1.0833": [10, -375, 0]
          },
          "position": [0, 0, 0]
        }
      },
      "timeline": {
        "0.0": "blend_from_current_origin;"
      }
    }
  }
}
